0_d1y5ia2 c.81.1.1 (A:1-1074) Respiratory nitrate reductase 1 alpha chain {Escherichia coli [TaxId: 562]},44
0_d3c98a_ e.25.1.1 (A:) Neuronal Sec1, NSec1 {Norway rat (Rattus norvegicus) [TaxId: 10116]},66
0_d1p80a2 e.5.1.1 (A:27-597) Catalase II {Escherichia coli, HPII [TaxId: 562]},62
0_d1hk8a_ c.7.1.3 (A:) Class III anaerobic ribonucleotide reductase NRDD subunit {Bacteriophage T4 [TaxId: 10665]},63
0_d1ehka_ f.24.1.1 (A:) Bacterial ba3 type cytochrome c oxidase subunit I {Thermus thermophilus [TaxId: 274]},68
0_d3ss1a_ c.68.1.0 (A:) automated matches {Clostridium difficile [TaxId: 272563]},58
0_d3bvua2 b.30.5.6 (A:523-1044) Golgi alpha-mannosidase II {Fruit fly (Drosophila melanogaster) [TaxId: 7227]},56
0_d1y5ib_ d.58.1.5 (B:) Respiratory nitrate reductase 1 beta chain {Escherichia coli [TaxId: 562]},60
0_d1uqwa_ c.94.1.1 (A:) Hypothetical protein YliB {Escherichia coli [TaxId: 562]},68
0_d3qoma_ c.1.8.0 (A:) automated matches {Lactobacillus plantarum [TaxId: 1590]},67
0_d1shyb1 b.69.12.1 (B:40-515) Hepatocyte growth factor receptor {Human (Homo sapiens) [TaxId: 9606]},55
0_d1wcga1 c.1.8.4 (A:3-464) Thioglucosidase {Cabbage aphid (Brevicoryne brassicae) [TaxId: 69196]},67
0_d2p3ya1 e.65.1.1 (A:22-482) Hypothetical protein VPA0735 {Vibrio parahaemolyticus [TaxId: 670]},62
0_d1x9da1 a.102.2.1 (A:245-697) Class I alpha-1;2-mannosidase, catalytic domain {Human (Homo sapiens) [TaxId: 9606]},68
0_d1k0ga_ d.161.1.1 (A:) P-aminobenzoate synthase component I {Escherichia coli [TaxId: 562]},68
0_d2bw3a2 c.55.3.12 (A:163-609) Transposase Hermes, catalytic domain {House fly (Musca domestica) [TaxId: 7370]},72
0_d3bzna_ d.161.1.1 (A:) automated matches {Escherichia coli [TaxId: 562]},68
0_d2h12a_ a.103.1.1 (A:) automated matches {Acetobacter aceti [TaxId: 435]},76
0_d2qvja_ a.260.1.1 (A:) Nucleoprotein {Vesicular stomatitis indiana virus [TaxId: 11277]},41
0_d3fvsa_ c.67.1.1 (A:) automated matches {Human (Homo sapiens) [TaxId: 9606]},72
0_d3bona1 d.92.1.7 (A:3-419) Botulinum neurotoxin {Clostridium botulinum, serotype A [TaxId: 1491]},57
0_d2qeea_ c.1.9.8 (A:) Uncharacterized protein BH0493 {Bacillus halodurans [TaxId: 86665]},65
0_d2hhva2 e.8.1.1 (A:469-876) DNA polymerase I (Klenow fragment) {Bacillus stearothermophilus, newly identified strain as yet unnamed [TaxId: 1422]},76
0_d2byla1 c.67.1.4 (A:36-439) Ornithine aminotransferase {Human (Homo sapiens) [TaxId: 9606]},72
0_d1xksa_ b.69.14.1 (A:) Nuclear pore complex protein Nup133 {Human (Homo sapiens) [TaxId: 9606]},57
0_d1hx0a2 c.1.8.1 (A:1-403) Animal alpha-amylase {Pig (Sus scrofa) [TaxId: 9823]},62
0_d2rfva_ c.67.1.3 (A:) Methionine gamma-lyase, MGL {Citrobacter freundii [TaxId: 546]},70
0_d1lfka_ a.104.1.1 (A:) p450 monoxygenase OxyB {Amycolatopsis orientalis [TaxId: 31958]},70
0_d1hn0a1 a.102.3.2 (A:235-618) Chondroitin ABC lyase I {Proteus vulgaris [TaxId: 585]},63
0_d1kfwa1 c.1.8.5 (A:10-327,A:389-444) Psychrophilic chitinase B {Arthrobacter sp., tad20 [TaxId: 1667]},61
0_d1c8ba_ c.56.1.2 (A:) Germination protease {Bacillus megaterium [TaxId: 1404]},67
0_d1r53a_ d.258.1.1 (A:) Chorismate synthase, AroC {Baker's yeast (Saccharomyces cerevisiae) [TaxId: 4932]},67
0_d2xrwa_ d.144.1.7 (A:) automated matches {Human (Homo sapiens) [TaxId: 9606]},71
0_d1edqa2 c.1.8.5 (A:133-443,A:517-563) Chitinase A, catalytic domain {Serratia marcescens [TaxId: 615]},63
0_d1kiya_ a.128.1.5 (A:) Trichodiene synthase {Fusarium sporotrichioides [TaxId: 5514]},70
0_d2sqca1 a.102.4.2 (A:8-36,A:308-630) Squalene-hopene cyclase {Alicyclobacillus acidocaldarius [TaxId: 405212]},69
0_d1koba_ d.144.1.7 (A:) Twitchin, kinase domain {California sea hare (Aplysia californica), twk43 [TaxId: 6500]},66
0_d1tb3a1 c.1.4.1 (A:1-349) Hydroxyacid oxidase {Norway rat (Rattus norvegicus) [TaxId: 10116]},68
0_d1iuga_ c.67.1.3 (A:) Subgroup IV putative aspartate aminotransferase {Thermus thermophilus [TaxId: 274]},71
0_d1n4qb_ a.102.4.3 (B:) Protein farnesyltransferase, beta-subunit {Norway rat (Rattus norvegicus) [TaxId: 10116]},70
0_d1e1oa2 d.104.1.1 (A:161-502) Lysyl-tRNA synthetase (LysRS) {Escherichia coli, gene lysU [TaxId: 562]},73
0_d2rfba_ a.104.1.0 (A:) automated matches {Picrophilus torridus [TaxId: 82076]},69
0_d1szwa_ d.265.1.4 (A:) tRNA pseudouridine synthase TruD {Escherichia coli [TaxId: 562]},67
0_d1svva_ c.67.1.1 (A:) Low-specificity threonine aldolase {Leishmania major [TaxId: 5664]},71
0_d1ri6a_ b.69.11.1 (A:) Putative isomerase YbhE {Escherichia coli [TaxId: 562]},70
0_d1hjua_ c.1.8.3 (A:) Beta-1,4-galactanase {Thielavia heterothallica, aka Myceliophthora thermophila [TaxId: 78579]},67
0_d1rhca_ c.1.16.3 (A:) Coenzyme F420 dependent secondary alcohol dehydrogenase {Methanoculleus thermophilicus [TaxId: 2200]},69
0_d2afwa_ c.56.5.8 (A:) Glutaminyl-peptide cyclotransferase, QPCT {Human (Homo sapiens) [TaxId: 9606]},69
0_d2f8la1 c.66.1.45 (A:2-329) Hypothetical protein Lmo1582 {Listeria monocytogenes [TaxId: 1639]},69
0_d3ljsa_ c.72.1.0 (A:) automated matches {Xylella fastidiosa [TaxId: 183190]},73
0_d1gkra2 c.1.9.6 (A:55-379) L-hydantoinase {Arthrobacter aurescens [TaxId: 43663]},70
0_d1zyla1 d.144.1.6 (A:4-328) RdoA {Escherichia coli [TaxId: 562]},69
0_d3bzka3 a.294.1.1 (A:1-324) Transcriptional accessory factor Tex {Pseudomonas aeruginosa [TaxId: 287]},79
0_d1n00a_ a.65.1.1 (A:) Annexin GH1 {Cotton (Gossypium hirsutum) [TaxId: 3635]},73
0_d1l7aa_ c.69.1.25 (A:) Cephalosporin C deacetylase {Bacillus subtilis [TaxId: 1423]},67
0_d3poza_ d.144.1.7 (A:) EGF receptor tyrosine kinase, Erbb-1 {Human (Homo sapiens) [TaxId: 9606]},69
0_d3iq0a_ c.72.1.0 (A:) automated matches {Escherichia coli [TaxId: 217992]},74
0_d1dmha_ b.3.6.1 (A:) Catechol 1,2-dioxygenase {Acinetobacter calcoaceticus [TaxId: 471]},67
0_d2bbva_ b.121.4.4 (A:) Alphanodavirus capsid protein {Black beetle virus [TaxId: 12285]},57
0_d1q8fa_ c.70.1.1 (A:) Pyrimidine nucleoside hydrolase YeiK {Escherichia coli [TaxId: 562]},69
0_d1u3da1 a.99.1.1 (A:198-497) Cryptochrome C-terminal domain {Thale cress (Arabidopsis thaliana) [TaxId: 3702]},70
0_d3aala_ c.1.15.1 (A:) automated matches {Geobacillus kaustophilus [TaxId: 1462]},70
0_d1z3ix2 c.37.1.19 (X:92-389) Rad54-like, Rad54L {Zebrafish (Danio rerio) [TaxId: 7955]},71
0_d2a0ma1 c.42.1.1 (A:13-310) Arginase {Trypanosoma cruzi [TaxId: 5693]},68
0_d1d7oa_ c.2.1.2 (A:) Enoyl-ACP reductase {Oil seed rape (Brassica napus) [TaxId: 3708]},69
0_d1q15a1 c.26.2.1 (A:206-501) beta-Lactam synthetase {Pectobacterium carotovorum [TaxId: 554]},70
0_d3o26a_ c.2.1.0 (A:) automated matches {Papaver somniferum [TaxId: 3469]},74
0_d1k32a4 c.14.1.2 (A:680-762,A:854-1061) Tricorn protease {Thermoplasma acidophilum [TaxId: 2303]},68
0_d1rtra_ a.128.1.1 (A:) Farnesyl diphosphate synthase (geranyltranstransferase) {Staphylococcus aureus [TaxId: 1280]},74
0_d2x55a_ f.4.4.0 (A:) automated matches {Yersinia pestis [TaxId: 632]},64
0_d1js8a1 a.86.1.1 (A:2503-2791) Mollusc hemocyanin {Giant octopus (Octopus dofleini) [TaxId: 267067]},61
0_d2xy4a_ c.92.2.0 (A:) automated matches {Salmonella typhimurium [TaxId: 90371]},71
0_d1lj8a4 c.2.1.6 (A:1-286) Mannitol 2-dehydrogenase {Pseudomonas fluorescens [TaxId: 294]},69
0_d1uoca_ c.55.3.9 (A:) Pop2 RNase D domain {Baker's yeast (Saccharomyces cerevisiae) [TaxId: 4932]},66
0_d2hx1a_ c.108.1.0 (A:) automated matches {Cytophaga hutchinsonii [TaxId: 985]},71
0_d1cnva_ c.1.8.5 (A:) Seed storage protein {Jack bean (Canavalia ensiformis), Concanavalin B [TaxId: 3823]},65
0_d1w6ka2 a.102.4.2 (A:100-378) Lanosterol synthase {Human (Homo sapiens) [TaxId: 9606]},72
0_d1ei9a_ c.69.1.13 (A:) Palmitoyl protein thioesterase 1 {Cow (Bos taurus) [TaxId: 9913]},66
0_d1rp0a1 c.3.1.6 (A:7-284) Thiazole biosynthetic enzyme Thi4 {Thale cress (Arabidopsis thaliana) [TaxId: 3702]},69
0_d2g0wa1 c.1.15.4 (A:10-284) Hypothetical protein Lmo2234 {Listeria monocytogenes [TaxId: 1639]},70
0_d3dnpa_ c.108.1.0 (A:) automated matches {Bacillus subtilis [TaxId: 1423]},71
0_d2plca_ c.1.18.2 (A:) Phosphatidylinositol-specific phospholipase C {Listeria monocytogenes [TaxId: 1639]},62
0_d3mu7a_ c.1.8.0 (A:) automated matches {Scadoxus multiflorus [TaxId: 82246]},66
0_d2a8ya_ c.56.2.1 (A:) automated matches {Sulfolobus solfataricus [TaxId: 2287]},70
0_d2czla1 c.94.1.1 (A:3-272) Hypothetical protein TTHA1568 {Thermus thermophilus [TaxId: 274]},72
0_d2x4da_ c.108.1.0 (A:) automated matches {Human (Homo sapiens) [TaxId: 9606]},71
0_d1za0a1 a.25.1.2 (A:8-274) Possible acyl-[acyl-carrier protein] desaturase {Mycobacterium tuberculosis [TaxId: 1773]},73
0_d1opoa_ b.121.4.7 (A:) Carmovirus coat protein {CarMV (Carnation mottle virus) [TaxId: 11986]},45
0_d2jf2a_ b.81.1.1 (A:) UDP N-acetylglucosamine acyltransferase {Escherichia coli, gene lpxA [TaxId: 562]},72
0_d1r3da_ c.69.1.35 (A:) Hypothetical protein VC1974 {Vibrio cholerae [TaxId: 666]},68
0_d3vhva_ a.123.1.1 (A:) automated matches {Human (Homo sapiens) [TaxId: 9606]},72
0_d1jr2a_ c.113.1.1 (A:) Uroporphyrinogen III synthase (U3S, HemD) {Human (Homo sapiens) [TaxId: 9606]},74
0_d1qh5a_ d.157.1.2 (A:) Glyoxalase II (hydroxyacylglutathione hydrolase) {Human (Homo sapiens) [TaxId: 9606]},74
0_d3o6ca_ c.1.24.0 (A:) automated matches {Campylobacter jejuni [TaxId: 192222]},72
0_d1oaaa_ c.2.1.2 (A:) Sepiapterin reductase {Mouse (Mus musculus) [TaxId: 10090]},73
0_d1huxa_ c.55.1.5 (A:) Hydroxyglutaryl-CoA dehydratase component A {Acidaminococcus fermentans [TaxId: 905]},74
0_d1yf3a1 c.66.1.28 (A:1-259) DNA methylase T4DAM {Bacteriophage T4 [TaxId: 10665]},69
0_d1qgia_ d.2.1.7 (A:) Endochitosanase {Bacillus circulans [TaxId: 1397]},60
0_d1ub0a_ c.72.1.2 (A:) 4-amino-5-hydroxymethyl-2-methylpyrimidine phosphate kinase (HMP-phosphate kinase, ThiD) {Thermus thermophilus [TaxId: 274]},74
0_d3px8x_ d.165.1.1 (X:) automated matches {Castor bean (Ricinus communis) [TaxId: 3988]},48
0_d3gdla_ c.1.2.3 (A:) automated matches {Baker's yeast (Saccharomyces cerevisiae) [TaxId: 4932]},70
0_d1xfja_ d.194.1.2 (A:) Hypothetical protein CC0490 {Caulobacter crescentus [TaxId: 155892]},68
0_d1sbya_ c.2.1.2 (A:) Drosophila alcohol dehydrogenase {Fly (Drosophila lebanonensis) [TaxId: 7225]},74
0_d2gqfa1 c.3.1.8 (A:1-194,A:343-401) Hypothetical protein HI0933 {Haemophilus influenzae [TaxId: 727]},70
0_d3sbta_ c.55.3.14 (A:) automated matches {Saccharomyces cerevisiae [TaxId: 559292]},48
0_d1lbva_ e.7.1.1 (A:) Archaeal inositol monophosphatase/fructose-1,6-bisphosphatase {Archaeoglobus fulgidus [TaxId: 2234]},67
0_d1i4na_ c.1.2.4 (A:) Indole-3-glycerophosphate synthase, IPGS {Thermotoga maritima [TaxId: 2336]},73
0_d1yo6a1 c.2.1.2 (A:1-250) Putative carbonyl reductase sniffer {Nematode (Caenorhabditis elegans) [TaxId: 6239]},73
0_d2cfca_ c.2.1.0 (A:) automated matches {Xanthobacter autotrophicus [TaxId: 78245]},75
0_d1ca1a1 a.124.1.1 (A:1-249) Alpha-toxin, N-terminal domain {Clostridium perfringens, different strains [TaxId: 1502]},69
0_d1llaa3 b.1.18.3 (A:380-628) Arthropod hemocyanin, C-terminal domain {Horseshoe crab (Limulus polyphemus) [TaxId: 6850]},42
0_d1v0wa2 d.136.1.2 (A:264-514) Phospholipase D {Streptomyces sp. [TaxId: 1931]},61
0_d3ctka1 d.165.1.1 (A:3-248) Bouganin {Bougainvillea (Bougainvillea spectabilis) [TaxId: 146096]},60
0_d1nrfa_ e.3.1.1 (A:) Penicillin receptor BlaR, C-terminal domain {Bacillus licheniformis [TaxId: 1402]},70
0_d1sfna_ b.82.1.11 (A:) Hypothetical protein DR1152 {Deinococcus radiodurans [TaxId: 1299]},66
0_d2jjxa_ c.73.1.0 (A:) automated matches {Bacillus anthracis [TaxId: 198094]},72
0_d2a1fa1 c.73.1.3 (A:2-237) Uridylate kinase PyrH {Haemophilus influenzae [TaxId: 727]},73
0_d1s5pa_ c.31.1.5 (A:) NAD-dependent deacetylase CobB {Escherichia coli [TaxId: 562]},72
0_d1gph12 d.153.1.1 (1:1-234) Glutamine PRPP amidotransferase, N-terminal domain {Bacillus subtilis [TaxId: 1423]},72
0_d3k4ua_ c.94.1.0 (A:) automated matches {Wolinella succinogenes [TaxId: 844]},73
0_d1s68a_ d.142.2.4 (A:) RNA ligase 2, N-terminal domain {Bacteriophage T4 [TaxId: 10665]},58
0_d1se8a_ b.40.4.3 (A:) ssDNA-binding protein {Deinococcus radiodurans [TaxId: 1299]},73
0_d1fj2a_ c.69.1.14 (A:) Acyl protein thioesterase 1 {Human (Homo sapiens) [TaxId: 9606]},71
0_d2c53a_ c.18.1.1 (A:) automated matches {Human herpesvirus 1 [TaxId: 10298]},68
0_d2ps1a_ c.61.1.0 (A:) automated matches {Baker's yeast (Saccharomyces cerevisiae) [TaxId: 4932]},73
0_d2ex4a1 c.66.1.42 (A:2-224) Adrenal gland protein AD-003 (C9orf32) {Human (Homo sapiens) [TaxId: 9606]},74
0_d1jjta_ d.157.1.1 (A:) Zn metallo-beta-lactamase {Pseudomonas aeruginosa, IMP-1 [TaxId: 287]},72
0_d1epwa1 b.29.1.6 (A:862-1079) Botulinum neurotoxin {Clostridium botulinum, serotype B [TaxId: 1491]},57
0_d1auoa_ c.69.1.14 (A:) Carboxylesterase {Pseudomonas fluorescens [TaxId: 294]},73
0_d1rwta_ f.43.1.1 (A:) Chlorophyll a-b binding protein {Spinach (Spinacia oleracea) [TaxId: 3562]},73
0_d2nyva_ c.108.1.0 (A:) automated matches {Aquifex aeolicus [TaxId: 63363]},72
0_d2qgsa1 a.211.1.1 (A:1-216) Uncharacterized protein SE1688 {Staphylococcus epidermidis [TaxId: 1282]},74
0_d1dv1a3 d.142.1.2 (A:115-330) Biotin carboxylase (BC), domain 2 {Escherichia coli [TaxId: 562]},71
0_d3tuia_ f.58.1.1 (A:) automated matches {Escherichia coli K-12 [TaxId: 83333]},78
0_d2fpna1 d.129.10.1 (A:1-214) Hypothetical protein YwmB {Bacillus subtilis [TaxId: 1423]},73
0_d1l8qa2 c.37.1.20 (A:77-289) Chromosomal replication initiation factor DnaA {Aquifex aeolicus [TaxId: 63363]},76
0_d1o5oa_ c.61.1.1 (A:) Uracil PRTase, Upp {Thermotoga maritima [TaxId: 2336]},75
0_d1ppja2 d.185.1.1 (A:234-442) Cytochrome bc1 core subunit 1 {Cow (Bos taurus) [TaxId: 9913]},70
0_d3b7sa2 b.98.1.1 (A:1-208) Leukotriene A4 hydrolase N-terminal domain {Human (Homo sapiens) [TaxId: 9606]},69
0_d2uubd1 d.66.1.2 (D:2-209) Ribosomal protein S4 {Thermus thermophilus [TaxId: 274]},70
0_d3bema_ d.90.1.0 (A:) automated matches {Bacillus subtilis [TaxId: 1423]},78
0_d2fz4a1 c.37.1.19 (A:24-229) DNA repair protein RAD25 {Archaeoglobus fulgidus [TaxId: 2234]},71
0_d3mh9a_ b.125.1.0 (A:) automated matches {Mycobacterium tuberculosis [TaxId: 83332]},66
0_d2ccja_ c.37.1.0 (A:) automated matches {Staphylococcus aureus [TaxId: 1280]},78
0_d1cjxa2 d.32.1.3 (A:154-356) 4-hydroxyphenylpyruvate dioxygenase, HppD {Pseudomonas fluorescens [TaxId: 294]},70
0_d1ln1a_ d.129.3.2 (A:) Phosphatidylcholine transfer protein {Human (Homo sapiens) [TaxId: 9606]},72
0_d2p6ra3 c.37.1.19 (A:1-202) Hel308 helicase {Archaeoglobus fulgidus [TaxId: 2234]},75
0_d1r44a_ d.65.1.4 (A:) D-Ala-D-Ala dipeptidase VanX {Enterococcus faecium [TaxId: 1352]},66
0_d2c2la1 a.118.8.1 (A:24-224) STIP1 homology and U box-containing protein 1, STUB1 {Mouse (Mus musculus) [TaxId: 10090]},86
0_d1o5ha_ a.191.1.1 (A:) Hypothetical protein TM1560 {Thermotoga maritima [TaxId: 2336]},84
0_d1wc3a_ d.58.29.1 (A:) Adenylate cyclase CyaC {Spirulina platensis [TaxId: 118562]},74
0_d3a8ga_ d.149.1.1 (A:) automated matches {Rhodococcus erythropolis [TaxId: 1833]},54
0_d2dtge2 b.1.2.1 (E:593-807) Insulin receptor {Human (Homo sapiens) [TaxId: 9606]},64
0_d1t4wa_ b.2.5.2 (A:) Transcription factor CEP-1 {Nematode (Caenorhabditis elegans) [TaxId: 6239]},60
0_d2c1ia1 c.6.2.3 (A:268-463) Peptidoglycan GlcNAc deacetylase C-terminal domain {Pneumococcus (Streptococcus pneumoniae) [TaxId: 1313]},72
0_d1nxma_ b.82.1.1 (A:) dTDP-4-dehydrorhamnose 3,5-epimerase RmlC {Streptococcus suis [TaxId: 1307]},62
0_d2auaa1 d.166.1.6 (A:2-195) Hypothetical protein BC2332 {Bacillus cereus [TaxId: 1396]},60
0_d1xs1a_ b.85.4.1 (A:) Deoxycytidine triphosphate deaminase (dCTP deaminase) {Escherichia coli [TaxId: 562]},66
0_d1gkza2 d.122.1.4 (A:186-378) Branched-chain alpha-ketoacid dehydrogenase kinase (BCK) {Norway rat (Rattus norvegicus) [TaxId: 10116]},68
0_d2fxta1 d.17.4.13 (A:234-425) Translocase of inner mitochondrial membrane TIMM44 (TIM44), C-terminal domain {Baker's yeast (Saccharomyces cerevisiae) [TaxId: 4932]},74
0_d3byqa1 d.79.9.1 (A:2-192) Uncharacterized protein BB2672 {Bordetella bronchiseptica [TaxId: 518]},64
0_d1ulya_ a.4.5.58 (A:) Hypothetical protein PH1932 {Pyrococcus horikoshii [TaxId: 53953]},77
0_d1s8na_ c.23.1.1 (A:) Probable two-component system transcriptional regulator Rv1626 {Mycobacterium tuberculosis [TaxId: 1773]},83
0_d2jgba_ d.86.1.0 (A:) automated matches {Human (Homo sapiens) [TaxId: 9606]},73
0_d1hp1a1 d.114.1.1 (A:363-550) 5'-nucleotidase (syn. UDP-sugar hydrolase), C-terminal domain {Escherichia coli [TaxId: 562]},68
0_d2b0aa1 c.8.8.1 (A:1-186) Hypothetical protein MJ0783 {Methanococcus jannaschii [TaxId: 2190]},61
0_d1m3sa_ c.80.1.3 (A:) Hypothetical protein YckF {Bacillus subtilis [TaxId: 1423]},74
0_d2ic7a_ b.81.1.3 (A:) automated matches {Geobacillus kaustophilus [TaxId: 1462]},72
0_d1pbwa_ a.116.1.1 (A:) p85 alpha subunit RhoGAP domain {Human (Homo sapiens) [TaxId: 9606]},71
0_d1smyf3 a.177.1.1 (F:74-257) Sigma70 {Thermus thermophilus [TaxId: 274]},78
0_d1mpga1 a.96.1.3 (A:100-282) 3-Methyladenine DNA glycosylase II (gene alkA or aidA) {Escherichia coli [TaxId: 562]},72
0_d1yrea1 d.108.1.1 (A:11-193) Hypothetical protein PA3270 {Pseudomonas aeruginosa [TaxId: 287]},74
0_d2ghvc1 d.318.1.1 (C:320-502) Spike protein S1 {SARS coronavirus [TaxId: 227859]},64
0_d1ozha1 c.31.1.3 (A:188-366) Catabolic acetolactate synthase {Klebsiella pneumoniae [TaxId: 573]},70
0_d1jwqa_ c.56.5.6 (A:) N-acetylmuramoyl-L-alanine amidase CwlV {Paenibacillus polymyxa [TaxId: 1406]},75
0_d1f45b_ a.26.1.1 (B:) Heterodimeric interleukin-12 alpha chain {Human (Homo sapiens) [TaxId: 9606]},63
0_d1dgwa_ b.82.1.2 (A:) Seed storage 7S protein {Jack bean (Canavalia ensiformis), canavalin/vinculin [TaxId: 3823]},71
0_d1qhxa_ c.37.1.3 (A:) Chloramphenicol phosphotransferase {Streptomyces venezuelae [TaxId: 54571]},74
0_d2giya1 b.1.1.1 (A:218-394) Alphaherpesvirus glycoprotein E {Human herpesvirus 1 [TaxId: 10298]},58
0_d2guia_ c.55.3.5 (A:) automated matches {Escherichia coli [TaxId: 562]},75
0_d2gupa2 c.55.1.10 (A:115-289) Hypothetical protein SP2142 {Pneumococcus (Streptococcus pneumoniae) [TaxId: 1313]},74
0_d1e7ua2 b.7.1.1 (A:351-524) Phoshoinositide 3-kinase (PI3K) {Pig (Sus scrofa) [TaxId: 9823]},60
0_d1vcha1 c.61.1.1 (A:2-175) Putative phosphoribosyltransferase TTHA1613 {Thermus thermophilus [TaxId: 274]},69
0_d1wmxa_ b.18.1.24 (A:) Endoglucanase CelJ {Clostridium thermocellum [TaxId: 1515]},59
0_d3d37a1 b.106.1.1 (A:6-178) Baseplate protein gpP {Neisseria meningitidis [TaxId: 487]},66
0_d1hfua2 b.6.1.3 (A:132-303) Laccase {Inky cap fungus (Coprinus cinereus) [TaxId: 5346]},66
0_d1q59a_ f.1.4.1 (A:) Early antigen protein R {Epstein-Barr virus [TaxId: 10376]},70
0_d3bwza_ b.2.2.2 (A:) Cellulosomal scaffoldin adaptor protein B, ScaB {Acetivibrio cellulolyticus [TaxId: 35830]},60
0_d3eg7a_ d.108.1.0 (A:) automated matches {Vibrio cholerae [TaxId: 666]},76
0_d1ez4a2 d.162.1.1 (A:163-334) Lactate dehydrogenase {Lactobacillus pentosus [TaxId: 1589]},75
0_d1ow1a_ b.131.1.3 (A:) SMART/HDAC1 associated repressor protein, SHARP {Human (Homo sapiens) [TaxId: 9606]},58
0_d2j9la1 d.37.1.1 (A:578-746) Chloride channel protein 5, ClC-5 {Human (Homo sapiens) [TaxId: 9606]},64
0_d1xhca1 c.3.1.5 (A:1-103,A:226-289) NADH oxidase /nitrite reductase {Pyrococcus furiosus [TaxId: 2261]},75
0_d1s16a1 d.14.1.3 (A:1217-1383) Topoisomerase IV subunit B {Escherichia coli [TaxId: 562]},73
0_d2chca1 d.17.4.25 (A:1-167) Uncharacterized protein Rv3472 {Mycobacterium tuberculosis [TaxId: 1773]},76
0_d2f2la_ d.118.1.0 (A:) automated matches {Fruit fly (Drosophila melanogaster) [TaxId: 7227]},68
0_d1jroa4 d.145.1.3 (A:179-345) Xanthine dehydrogenase chain A, domain 3 {Rhodobacter capsulatus [TaxId: 1061]},71
0_d3iwta_ c.57.1.0 (A:) automated matches {Sulfolobus tokodaii [TaxId: 111955]},75
0_d1k94a_ a.39.1.8 (A:) Grancalcin {Human (Homo sapiens) [TaxId: 9606]},74
0_d1rl4a_ d.167.1.1 (A:) Peptide deformylase {Malaria parasite (Plasmodium falciparum) [TaxId: 5833]},72
0_d2ag4a_ b.95.1.1 (A:) Ganglioside M2 (gm2) activator {Human (Homo sapiens) [TaxId: 9606]},68
0_d3lmba_ d.38.1.0 (A:) automated matches {Chlorobaculum tepidum [TaxId: 194439]},71
0_d1nm3a2 c.47.1.10 (A:3-165) N-terminal, Prx domain of Hybrid-Prx5 {Haemophilus influenzae [TaxId: 727]},71
0_d2b1xa1 b.33.1.2 (A:1-162) Naphthalene 1,2-dioxygenase alpha subunit, N-domain {Rhodococcus sp. ncimb12038 [TaxId: 92694]},71
0_d3cu3a1 d.17.4.28 (A:9-170) Uncharacterized protein NpunR1993 {Nostoc punctiforme [TaxId: 272131]},77
0_d1xl4a1 b.1.18.16 (A:139-299) Inward rectifier potassium channel kirbac3.1 {Magnetospirillum magnetotacticum [TaxId: 188]},74
0_d2cx4a_ c.47.1.10 (A:) Bacterioferritin comigratory protein {Aeropyrum pernix [TaxId: 56636]},76
0_d2fsja1 c.55.1.12 (A:165-325) Hypothetical protein Ta0583 {Thermoplasma acidophilum [TaxId: 2303]},76
0_d1alla_ a.1.1.3 (A:) Allophycocyanin alpha subunit {Spirulina platensis [TaxId: 118562]},75
0_d2bzva_ b.21.1.0 (A:) automated matches {Human adenovirus type 41 [TaxId: 10524]},53
0_d1ja1a3 c.25.1.4 (A:519-678) NADPH-cytochrome p450 reductase {Norway rat (Rattus norvegicus) [TaxId: 10116]},77
0_d1wp0a1 c.47.1.10 (A:138-297) Thioredoxin-like protein Sco1 (YpmQ), soluble domain {Human (Homo sapiens) [TaxId: 9606]},74
0_d1ybea2 d.41.2.2 (A:8-167) Nicotinate phosphoribosyltransferase, N-terminal domain {Agrobacterium tumefaciens [TaxId: 358]},69
0_d1a17a_ a.118.8.1 (A:) Protein phosphatase 5 {Human (Homo sapiens) [TaxId: 9606]},89
0_d1f3va_ d.58.22.1 (A:) TRADD, N-terminal domain {Human (Homo sapiens) [TaxId: 9606]},65
0_d1omwa1 a.91.1.1 (A:29-185) G-protein coupled receptor kinase 2, N-terminal domain {Cow (Bos taurus) [TaxId: 9913]},70
0_d1ohea1 c.45.1.1 (A:42-198) Proline directed phosphatase CDC14b2 {Human (Homo sapiens) [TaxId: 9606]},71
0_d1vmda_ c.24.1.2 (A:) Methylglyoxal synthase, MgsA {Thermotoga maritima [TaxId: 2336]},77
0_d1ys5a1 f.4.1.3 (A:2-156) Lipoprotein GNA1870 immunodominant domain {Neisseria meningitidis [TaxId: 487]},61
0_d1ulia1 b.33.1.2 (A:17-170) Biphenyl dioxygenase large subunit BphA1, N-terminal domain {Rhodococcus sp. RHA1 [TaxId: 101510]},71
0_d1kzyc1 c.15.1.4 (C:1714-1866) 53BP1 {Human (Homo sapiens) [TaxId: 9606]},61
0_d1sh8a_ d.38.1.5 (A:) Hypothetical protein PA5026 {Pseudomonas aeruginosa [TaxId: 287]},73
0_d1ku9a_ a.4.5.36 (A:) DNA-binding protein Mj223 {Methanococcus jannaschii [TaxId: 2190]},87
0_d2fug34 d.58.1.5 (3:96-246) NADH-quinone oxidoreductase chain 3, Nqo3, domain 2 {Thermus thermophilus [TaxId: 274]},62
0_d1gmea_ b.15.1.1 (A:) Small heat shock protein {Wheat (Triticum aestivum) [TaxId: 4565]},71
0_d1ji6a1 b.18.1.3 (A:503-652) delta-Endotoxin, C-terminal domain {Bacillus thuringiensis, CRY3bb1 [TaxId: 1428]},54
0_d1ml4a1 c.78.1.1 (A:2-151) Aspartate carbamoyltransferase catalytic subunit {Pyrococcus abyssi [TaxId: 29292]},74
0_d1yrva1 d.20.1.1 (A:1-148) Ubiquitin conjugating enzyme, UBC {Human (Homo sapiens), E2 U [TaxId: 9606]},69
0_d2vmha_ b.18.1.33 (A:) automated matches {Clostridium perfringens [TaxId: 1502]},63
0_d1w1ha_ b.55.1.1 (A:) 3-phosphoinositide dependent protein kinase-1 {Human (Homo sapiens) [TaxId: 9606]},64
0_d1f1ua1 d.32.1.3 (A:2-147) Homoprotocatechuate 2,3-dioxygenase {Arthrobacter globiformis [TaxId: 1665]},69
0_d1efub2 d.43.1.1 (B:140-282) Elongation factor Ts (EF-Ts), dimerisation domain {Escherichia coli [TaxId: 562]},77
0_d1k3ya1 a.45.1.1 (A:81-222) Class alpha GST {Human (Homo sapiens), (a1-1) [TaxId: 9606]},78
0_d1ki1b2 b.55.1.1 (B:1439-1580) GEF of intersectin {Human (Homo sapiens) [TaxId: 9606]},67
0_d2wcja_ a.39.2.0 (A:) automated matches {Silkworm (Bombyx mori) [TaxId: 7091]},74
0_d1xa6a2 d.93.1.1 (A:21-161) Beta-chimaerin, N-terminal domain {Human (Homo sapiens) [TaxId: 9606]},61
0_d3pmga4 d.129.2.1 (A:421-561) Phosphoglucomutase {Rabbit (Oryctolagus cuniculus) [TaxId: 9986]},73
0_d1sqga1 a.79.1.3 (A:5-144) Ribosomal RNA small subunit methyltransferase B, RsmB (Sun, Fmu/Fmv), N-terminal domain {Escherichia coli [TaxId: 562]},79
0_d1rj8a_ b.22.1.1 (A:) Ectodysplasin A, Eda-a1 {Human (Homo sapiens) [TaxId: 9606]},64
0_d1eqfa1 a.29.2.1 (A:1359-1497) TAFII250 double bromodomain module {Human (Homo sapiens) [TaxId: 9606]},76
0_d1qhqa_ b.6.1.1 (A:) Auracyanin {Chloroflexus aurantiacus [TaxId: 1108]},69
0_d1sgoa_ d.82.3.1 (A:) Hypothetical protein c14orf129, hspc210 {Human (Homo sapiens) [TaxId: 9606]},69
0_d2vkva2 a.121.1.1 (A:68-205) Tetracyclin repressor (Tet-repressor, TetR) {Escherichia coli [TaxId: 562]},83
0_d2bcma_ b.2.3.0 (A:) automated matches {Escherichia coli [TaxId: 562]},62
0_d5nula_ c.23.5.1 (A:) Flavodoxin {Clostridium beijerinckii [TaxId: 1520]},73
0_d3ipra_ c.54.1.0 (A:) automated matches {Enterococcus faecalis [TaxId: 1351]},77
0_d2f7fa2 d.41.2.1 (A:4-140) Putative nicotinate phosphoribosyltransferase EF2626 {Enterococcus faecalis [TaxId: 1351]},74
0_d1iuka_ c.2.1.8 (A:) Hypothetical protein TT1466 {Thermus thermophilus [TaxId: 274]},77
0_d2bmfa1 c.37.1.14 (A:483-618) Dengue virus helicase {Dengue virus type 2 [TaxId: 11060]},63
0_d2pbea2 d.218.1.13 (A:1-135) Aminoglycoside 6-adenylyltransferase AadK {Bacillus subtilis [TaxId: 1423]},69
0_d2a9ua1 a.118.23.1 (A:6-139) Ubiquitin carboxyl-terminal hydrolase 8, USH8 {Human (Homo sapiens) [TaxId: 9606]},80
0_d1w9sa_ b.18.1.10 (A:) Hypothetical protein BH0236 {Bacillus halodurans [TaxId: 86665]},67
0_d1eova1 b.40.4.1 (A:71-204) Aspartyl-tRNA synthetase (AspRS) {Baker's yeast (Saccharomyces cerevisiae) [TaxId: 4932]},65
0_d1q79a3 d.58.16.1 (A:365-498) Poly(A) polymerase, PAP, C-terminal domain {Cow (Bos taurus) [TaxId: 9913]},72
0_d2hqya2 d.108.1.4 (A:1-134) Hypothetical protein BT3689 {Bacteroides thetaiotaomicron [TaxId: 818]},72
0_d1r2za2 b.113.1.1 (A:2-134) DNA repair protein MutM (Fpg) {Bacillus stearothermophilus [TaxId: 1422]},72
0_d1j5pa4 c.2.1.3 (A:-1-108,A:220-241) Hypothetical protein TM1643 {Thermotoga maritima [TaxId: 2336]},74
0_d1kbla2 c.8.1.1 (A:377-509) Pyruvate phosphate dikinase, central domain {Clostridium symbiosum [TaxId: 1512]},68
0_d1njka_ d.38.1.1 (A:) Hypothetical protein YbaW {Escherichia coli [TaxId: 562]},79
0_d1h72c2 d.58.26.1 (C:168-300) Homoserine kinase {Methanococcus jannaschii [TaxId: 2190]},78
0_d1boua_ a.88.1.1 (A:) LigA subunit of an aromatic-ring-opening dioxygenase LigAB {Sphingomonas paucimobilis, formerly Pseudomonas paucimobilis [TaxId: 13689]},76
0_d2g7ga2 a.121.1.1 (A:74-205) Putative transcriptional regulator Rha04620 {Rhodococcus sp. RHA1 [TaxId: 101510]},78
0_d1wf6a_ c.15.1.5 (A:) DNA topoisomerase II binding protein 1, TopBP1 {Human (Homo sapiens) [TaxId: 9606]},63
0_d2hy5b1 c.114.1.1 (B:205-336) Intracellular sulfur oxidation protein DsrF {Chromatium vinosum [TaxId: 1049]},72
0_d2lisa_ a.19.1.1 (A:) Lysin {Red abalone (Haliotis rufescens) [TaxId: 6454]},65
0_d1scfa_ a.26.1.2 (A:) Stem cell factor, SCF {Human (Homo sapiens) [TaxId: 9606]},58
0_d2a0aa1 b.60.1.2 (A:1-131) Der f 13 allergen {House dust mite (Dermatophagoides farinae) [TaxId: 6954]},77
0_d3c9ga_ d.77.1.0 (A:) automated matches {Archaeoglobus fulgidus [TaxId: 224325]},69
0_d2fupa1 a.47.5.1 (A:1-130) Hypothetical protein PA3352 {Pseudomonas aeruginosa [TaxId: 287]},87
0_d1jf8a_ c.44.1.1 (A:) Arsenate reductase ArsC {Staphylococcus aureus [TaxId: 1280]},77
0_d1ixla_ d.38.1.5 (A:) Hypothetical protein PH1136 {Pyrococcus horikoshii [TaxId: 53953]},71
0_d2q78a1 d.38.1.7 (A:1-130) Uncharacterized protein TM0581 {Thermotoga maritima [TaxId: 2336]},74
0_d1lbua2 d.65.1.1 (A:84-213) Zn2+ DD-carboxypeptidase C-terminal catalytic domain {Streptomyces albus G [TaxId: 1962]},69
0_d1jyoa_ d.198.1.1 (A:) Virulence effector SptP secretion chaperone SicP {Salmonella typhimurium [TaxId: 90371]},75
0_d1ycsb1 d.211.1.1 (B:327-456) 53BP2 {Human (Homo sapiens) [TaxId: 9606]},80
0_d2cbia1 a.246.1.1 (A:496-624) Hyaluronidase, post-catalytic domain 3 {Clostridium perfringens [TaxId: 1502]},81
0_d2xcea_ b.85.4.0 (A:) automated matches {Bacillus subtilis [TaxId: 1423]},73
0_d1vm6a3 c.2.1.3 (A:1-96,A:183-214) Dihydrodipicolinate reductase {Thermotoga maritima [TaxId: 2336]},71
0_d1zbxb1 d.339.1.1 (B:485-613) Regulatory protein SIR1 {Baker's yeast (Saccharomyces cerevisiae) [TaxId: 4932]},62
0_d1i5na_ a.24.10.3 (A:) Chemotaxis protein CheA P1 domain {Salmonella typhimurium [TaxId: 90371]},83
0_d2gkma_ a.1.1.1 (A:) Protozoan/bacterial hemoglobin {Mycobacterium tuberculosis, HbN [TaxId: 1773]},74
0_d1b9ma1 a.4.5.8 (A:-1-126) N-terminal domain of molybdate-dependent transcriptional regulator ModE {Escherichia coli [TaxId: 562]},78
0_d1riea_ b.33.1.1 (A:) ISP subunit of the mitochondrial cytochrome bc1-complex, water-soluble domain {Cow (Bos taurus) [TaxId: 9913]},68
0_d1w7ca2 d.17.2.1 (A:43-169) Lysyl oxidase PplO, domains 1 and 2 {Yeast (Pichia pastoris) [TaxId: 4922]},62
0_d1qy9a1 d.21.1.2 (A:3-129) Hypothetical protein YddE {Escherichia coli [TaxId: 562]},73
0_d1wifa_ b.36.1.1 (A:) hypothetical PDZ domain containing protein Uqcrc2 (4930408O21Rik) {Mouse (Mus musculus) [TaxId: 10090]},68
0_d2nrha2 c.55.1.13 (A:83-208) Type III pantothenate kinase, CoaX {Campylobacter jejuni [TaxId: 197]},75
0_d2egja_ d.38.1.0 (A:) automated matches {Aquifex aeolicus [TaxId: 63363]},79
0_d2uubm1 a.156.1.1 (M:2-126) Ribosomal protein S13 {Thermus thermophilus [TaxId: 274]},73
0_d2dtge3 b.1.2.1 (E:468-592) Insulin receptor {Human (Homo sapiens) [TaxId: 9606]},65
0_d1zsqa1 b.55.1.8 (A:74-198) Myotubularin-related protein 2, N-terminal domain {Human (Homo sapiens) [TaxId: 9606]},67
0_d1a4ia2 c.58.1.2 (A:2-126) Tetrahydrofolate dehydrogenase/cyclohydrolase {Human (Homo sapiens) [TaxId: 9606]},79
0_d1zpsa1 b.168.1.1 (A:8-131) Phosphoribosyl-AMP cyclohydrolase HisI {Methanobacterium thermoautotrophicum [TaxId: 145262]},69
0_d1j56a_ c.23.1.1 (A:) NTRC receiver domain {Salmonella typhimurium [TaxId: 90371]},83
0_d2cnza_ b.2.3.2 (A:) automated matches {Salmonella typhimurium [TaxId: 90371]},58
0_d2fyga1 g.86.1.1 (A:6-128) Nonstructural protein 10, NSP10 {SARS coronavirus [TaxId: 227859]},47
0_d3mw6a_ a.136.1.1 (A:) Hypothetical protein NMB1681 {Neisseria meningitidis [TaxId: 487]},78
0_d3ktoa_ c.23.1.0 (A:) automated matches {Pseudoalteromonas atlantica [TaxId: 342610]},77
0_d2q4qa_ c.103.1.1 (A:) Hypothetical protein PTD015 (C11orf67) {Human (Homo sapiens) [TaxId: 9606]},71
0_d2gl5a2 d.54.1.1 (A:1-122) Putative dehydratase protein STM2273 {Salmonella typhimurium [TaxId: 90371]},69
0_d1es6a2 b.31.1.1 (A:201-321) EV matrix protein {Ebola virus [TaxId: 205488]},53
0_d2ogfa_ d.316.1.0 (A:) automated matches {Methanocaldococcus jannaschii [TaxId: 2190]},59
0_d1jpya_ g.17.1.6 (A:) Interleukin 17F, IL-17F {Human (Homo sapiens) [TaxId: 9606]},66
0_d1wjxa_ b.111.1.1 (A:) Small protein B (SmpB) {Thermus thermophilus [TaxId: 274]},76
0_d1pbja3 d.37.1.1 (A:2-121) Hypothetical protein MTH1622 {Methanobacterium thermoautotrophicum [TaxId: 145262]},80
0_d2if5a_ d.42.1.0 (A:) automated matches {Human (Homo sapiens) [TaxId: 9606]},81
0_d1l0wa2 d.74.4.1 (A:295-414) Prokaryotic AspRS, insert domain {Thermus thermophilus, AspRS-1 [TaxId: 274]},67
0_d1jiha1 d.240.1.1 (A:390-509) DNA polymerase eta {Baker's yeast (Saccharomyces cerevisiae) [TaxId: 4932]},73
0_d2i52a1 d.316.1.1 (A:1-120) Hypothetical protein PTO0218 {Picrophilus torridus [TaxId: 82076]},57
0_d1v6ba_ b.36.1.1 (A:) Harmonin {Mouse (Mus musculus) [TaxId: 10090]},67
0_d1jvaa2 d.95.2.2 (A:464-581) VMA1-derived endonuclease (VDE) PI-SceI {Baker's yeast (Saccharomyces cerevisiae) [TaxId: 4932]},55
0_d1f7la_ d.150.1.2 (A:) Holo-(acyl carrier protein) synthase ACPS {Bacillus subtilis [TaxId: 1423]},72
0_d2hw4a1 d.322.1.1 (A:5-122) Phosphohistidine phosphatase 1, PHP14 {Human (Homo sapiens) [TaxId: 9606]},70
0_d1wfoa1 b.1.2.1 (A:8-124) Sidekick 2 {Human (Homo sapiens) [TaxId: 9606]},74
0_d1v5ua_ b.55.1.1 (A:) SET binding factor 1, Sbf1 {Mouse (Mus musculus) [TaxId: 10090]},67
0_d1x7fa1 b.62.1.2 (A:245-361) Outer surface protein, C-terminal domain {Bacillus cereus [TaxId: 1396]},47
0_d1pv9a1 c.55.2.1 (A:8-124) Aminopeptidase P {Pyrococcus furiosus [TaxId: 2261]},74
0_d1jvaa3 d.95.2.2 (A:582-698) VMA1-derived endonuclease (VDE) PI-SceI {Baker's yeast (Saccharomyces cerevisiae) [TaxId: 4932]},72
0_d2i10a2 a.121.1.1 (A:79-194) Putative transcriptional regulator RHA1_ro09068 {Rhodococcus sp. [TaxId: 1831]},77
0_d1y81a1 c.2.1.8 (A:6-121) Hypothetical protein PF0725 {Pyrococcus furiosus [TaxId: 2261]},74
0_d1h99a1 a.142.1.1 (A:54-168) Transcriptional antiterminator LicT {Bacillus subtilis [TaxId: 1423]},76
0_d3q20a_ a.280.1.0 (A:) automated matches {Thermosynechococcus elongatus [TaxId: 197221]},71
0_d1xoda1 b.55.1.4 (A:10-123) Sprouty-related, EVH1 domain-containing protein 1, Spred-1 {Western clawed frog (Xenopus tropicalis) [TaxId: 8364]},75
0_d1zc6a1 c.55.1.5 (A:8-121) Probable N-acetylglucosamine kinase CV2896 {Chromobacterium violaceum [TaxId: 536]},71
0_d1xnea_ b.122.1.6 (A:) Hypothetical protein PF0470 {Pyrococcus furiosus [TaxId: 2261]},68
0_d1cg2a2 d.58.19.1 (A:214-326) Carboxypeptidase G2 {Pseudomonas sp., strain rs-16 [TaxId: 306]},74
0_d1yq2a1 b.1.4.1 (A:610-721) beta-Galactosidase, domains 2 and 4 {Arthrobacter sp. c2-2 [TaxId: 192168]},65
0_d1edha2 b.1.6.1 (A:102-213) E-cadherin (epithelial) {Mouse (Mus musculus) [TaxId: 10090]},72
0_d2gria1 d.15.14.1 (A:1-112) Nsp3 {SARS coronavirus [TaxId: 227859]},49
0_d3ff7c_ d.169.1.0 (C:) automated matches {Human (Homo sapiens) [TaxId: 9606]},73
0_d3bvua1 a.8.3.1 (A:412-522) Golgi alpha-mannosidase II {Fruit fly (Drosophila melanogaster) [TaxId: 7227]},72
0_d1nyca_ b.61.2.2 (A:) Staphostatin B (SspC) {Staphylococcus aureus [TaxId: 1280]},56
0_d1r4xa2 d.105.1.2 (A:763-873) Coatomer gamma subunit, C-terminal subdomain {Human (Homo sapiens) [TaxId: 9606]},69
0_d1u5pa1 a.7.1.1 (A:1662-1771) Spectrin alpha chain {Chicken (Gallus gallus) [TaxId: 9031]},88
0_d1prtb1 b.40.2.1 (B:90-199) Pertussis toxin S2/S3 subunits, C-terminal domain {Bordetella pertussis [TaxId: 520]},52
0_d1hcnb_ g.17.1.4 (B:) Gonadotropin B chain {Human (Homo sapiens) [TaxId: 9606]},70
0_d2nqda_ b.1.26.1 (A:) Chagasin {Trypanosoma cruzi [TaxId: 5693]},71
0_d2qqma3 b.23.1.1 (A:156-263) Mannose-binding protein associated serine protease 2, MASP2 {Human (Homo sapiens) [TaxId: 9606]},67
0_d2jo6a1 b.33.1.3 (A:1-108) NADH-nitrite reductase small subunit NirD {Escherichia coli [TaxId: 562]},70
0_d1l3wa5 b.1.6.1 (A:434-540) C-cadherin ectodomain {African clawed frog (Xenopus laevis) [TaxId: 8355]},70
0_d1rq2a2 d.79.2.1 (A:206-312) Cell-division protein FtsZ {Mycobacterium tuberculosis [TaxId: 1773]},74
0_d1y6kr2 b.1.2.1 (R:101-206) Interleukin-10 receptor 1, IL-10R1 {Human (Homo sapiens) [TaxId: 9606]},70
0_d1a1xa_ b.63.1.1 (A:) p13-MTCP1 {Human (Homo sapiens) [TaxId: 9606]},63
0_d1xdpa1 a.7.15.1 (A:2-106) Polyphosphate kinase, PPK {Escherichia coli [TaxId: 562]},87
0_d1v70a_ b.82.1.9 (A:) Hypothetical protein TTHA0104 {Thermus thermophilus [TaxId: 274]},71
0_d2fcia1 d.93.1.1 (A:1-105) Phospholipase C-gamma-1 {Cow (Bos taurus) [TaxId: 9913]},69
0_d1lxja_ d.58.48.1 (A:) Hypothetical protein YB1001C {Baker's yeast (Saccharomyces cerevisiae) [TaxId: 4932]},83
0_d1j5pa3 d.81.1.3 (A:109-211) Hypothetical protein TM1643 {Thermotoga maritima [TaxId: 2336]},70
0_d1i3za_ d.93.1.1 (A:) Ews/fli1 activated transcript 2, Eat2 {Mouse (Mus musculus) [TaxId: 10090]},69
0_d1b79a_ a.81.1.1 (A:) N-terminal domain of DnaB helicase {Escherichia coli [TaxId: 562]},77
0_d2b0ja1 a.100.1.11 (A:243-344) 5,10-methenyltetrahydromethanopterin hydrogenase, HMD {Methanocaldococcus jannaschii [TaxId: 2190]},75
0_d1mjuh2 b.1.1.2 (H:114-230) Immunoglobulin heavy chain gamma constant domain 1, CH1-gamma {Mouse (Mus musculus) [TaxId: 10090]},70
0_d1rzfl2 b.1.1.2 (L:109-210) Immunoglobulin light chain lambda constant domain, CL-lambda {Human (Homo sapiens) [TaxId: 9606]},77
0_d2bz7a_ b.6.1.1 (A:) Plastocyanin {Dryopteris crassirhizoma [TaxId: 97234]},66
0_d1a8ya2 c.47.1.3 (A:127-228) Calsequestrin {Rabbit (Oryctolagus cuniculus) [TaxId: 9986]},70
0_d3ge3e_ d.137.1.1 (E:) Toluene-4-monooxygenase catalytic effector protein {Pseudomonas mendocina [TaxId: 300]},65
0_d1yt3a1 a.60.8.3 (A:194-294) Ribonuclease D {Escherichia coli [TaxId: 562]},75
0_d2blna1 b.46.1.1 (A:204-304) Polymyxin resistance protein ArnA, domain 2 {Escherichia coli [TaxId: 562]},70
0_d1puca_ d.97.1.1 (A:) suc1 {Fission yeast (Schizosaccharomyces pombe) [TaxId: 4896]},75
0_d1ka8a_ a.4.5.20 (A:) P4 origin-binding domain {Bacteriophage P4 [TaxId: 10680]},63
0_d1t0fa1 a.4.5.27 (A:169-268) TnsA endonuclease, C-terminal domain {Escherichia coli [TaxId: 562]},66
0_d1rf8b_ a.210.1.1 (B:) Eukaryotic initiation factor 4f subunit eIF4g, eIF4e-binding domain {Baker's yeast (Saccharomyces cerevisiae) [TaxId: 4932]},60
0_d2gysa4 b.1.2.1 (A:317-416) Common beta-chain in the GM-CSF, IL-3 and IL-5 receptors {Human (Homo sapiens) [TaxId: 9606]},70
0_d1f2ri_ d.15.2.1 (I:) Inhibitor of caspase-activated DNase (ICAD), DFF45, N-terminal domain {Mouse (Mus musculus) [TaxId: 10090]},67
0_d1gm5a1 a.24.21.1 (A:7-105) RecG, N-terminal domain {Thermotoga maritima [TaxId: 2336]},73
0_d1sxje1 a.80.1.1 (E:256-354) Replication factor C5 {Baker's yeast (Saccharomyces cerevisiae) [TaxId: 4932]},84
0_d2gysa3 b.1.2.1 (A:218-316) Common beta-chain in the GM-CSF, IL-3 and IL-5 receptors {Human (Homo sapiens) [TaxId: 9606]},66
0_d3cs0a1 b.36.1.4 (A:260-358) Protease Do (DegP, HtrA), C-terminal domains {Escherichia coli [TaxId: 562]},69
0_d1y9qa2 b.82.1.15 (A:83-181) Probable transcriptional regulator VC1968, C-terminal domain {Vibrio cholerae [TaxId: 666]},71
0_d2aiba1 a.134.1.1 (A:1-98) beta-cinnamomin {Fungus (Phytophthora cinnamomi) [TaxId: 4785]},72
0_d1p2fa1 a.4.6.1 (A:121-217) Response regulator DrrB {Thermotoga maritima [TaxId: 2336]},75
0_d2es9a1 a.247.1.1 (A:11-107) Hypothetical protein YoaC {Salmonella typhimurium [TaxId: 90371]},69
0_d3dara1 b.1.1.4 (A:153-249) Fibroblast growth factor receptor, FGFR {Human (Homo sapiens), FGFR2a [TaxId: 9606]},70
0_d1s98a_ b.124.1.1 (A:) Fe-S scaffold protein IscA (YfhF) {Escherichia coli [TaxId: 562]},77
0_d1whya_ d.58.7.1 (A:) Putative RNA-binding protein 15B, Rbm15b {Mouse (Mus musculus) [TaxId: 10090]},69
0_d2k5qa1 b.40.13.1 (A:2-97) Uncharacterized protein BC4932 {Bacillus cereus [TaxId: 1396]},69
0_d3dl3a1 b.82.2.13 (A:5-100) Tellurite resistance protein B, TehB {Vibrio fischeri [TaxId: 668]},70
0_d1vk3a4 d.139.1.1 (A:508-603) Phosphoribosylformylglycinamidine synthase II, domains 2 and 4 {Thermotoga maritima [TaxId: 2336]},61
0_d1n7ea_ b.36.1.1 (A:) Glutamate receptor-interacting protein 1, GRIP1 {Norway rat (Rattus norvegicus) [TaxId: 10116]},68
0_d1qe0a1 c.51.1.1 (A:326-420) Histidyl-tRNA synthetase (HisRS), C-terminal domain {Staphylococcus aureus [TaxId: 1280]},79
0_d1oaca2 d.17.2.1 (A:91-185) Copper amine oxidase, domains 1 and 2 {Escherichia coli [TaxId: 562]},75
0_d2xcmc_ b.15.1.0 (C:) automated matches {Thale cress (Arabidopsis thaliana) [TaxId: 3702]},76
0_d1kzla1 b.43.4.3 (A:1-92) Riboflavin synthase {Fission yeast (Schizosaccharomyces pombe) [TaxId: 4896]},71
0_d3bzka1 a.60.2.6 (A:474-563) Transcriptional accessory factor Tex {Pseudomonas aeruginosa [TaxId: 287]},70
0_d1g8qa_ a.135.1.1 (A:) CD81 extracellular domain {Human (Homo sapiens) [TaxId: 9606]},69
0_d1x44a1 b.1.1.4 (A:8-97) Myosin-binding protein C, slow-type {Human (Homo sapiens) [TaxId: 9606]},77
0_d1e43a1 b.71.1.1 (A:394-483) Bacterial alpha-Amylase {Bacillus licheniformis [TaxId: 1402]},68
0_d2ctfa1 d.51.1.1 (A:7-96) Vigilin {Human (Homo sapiens) [TaxId: 9606]},76
0_d2cqia1 d.58.7.1 (A:1-90) Nucleolysin TIAR {Human (Homo sapiens) [TaxId: 9606]},72
0_d1coja1 a.2.11.1 (A:2-90) Fe superoxide dismutase (FeSOD) {Aquifex pyrophilus [TaxId: 2714]},71
0_d1zara1 a.4.5.56 (A:2-90) Rio2 serine protein kinase N-terminal domain {Archaeoglobus fulgidus [TaxId: 2234]},81
0_d1cvja2 d.58.7.1 (A:91-179) Poly(A)-binding protein {Human (Homo sapiens) [TaxId: 9606]},72
0_d1vzia1 b.1.13.1 (A:38-125) Desulfoferrodoxin C-terminal domain {Desulfoarculus baarsii (Desulfovibrio baarsii) [TaxId: 887]},67
0_d1npsa_ b.11.1.1 (A:) Protein S {Myxococcus xanthus [TaxId: 34]},68
0_d1wmia1 d.298.1.2 (A:1-88) Hypothetical protein PHS013 {Pyrococcus horikoshii [TaxId: 53953]},76
0_d1m62a_ a.7.7.1 (A:) Silencer of death domains, Sodd (Bag4) {Human (Homo sapiens) [TaxId: 9606]},84
0_d1y6xa1 a.204.1.4 (A:7-93) Phosphoribosyl-ATP pyrophosphatase HisE {Mycobacterium tuberculosis [TaxId: 1773]},83
0_d1x3aa1 a.240.1.1 (A:8-94) Synapse associated protein 1, SYAP1 {Human (Homo sapiens) [TaxId: 9606]},68
0_d2oaia1 d.145.1.4 (A:5-91) Hemolysin TlyC {Xylella fastidiosa [TaxId: 2371]},76
0_d2lefa_ a.21.1.1 (A:) Lymphoid enhancer-binding factor, LEF1 {Mouse (Mus musculus) [TaxId: 10090]},86
0_d2cg4a2 d.58.4.2 (A:67-152) Regulatory protein AsnC {Escherichia coli [TaxId: 562]},77
0_d3ctaa1 a.4.5.28 (A:5-89) Ta1064 (RFK), N-terminal domain {Thermoplasma acidophilum [TaxId: 2303]},84
0_d1hfel2 d.58.1.5 (L:2-86) Fe-only hydrogenase larger subunit, N-domain {Desulfovibrio desulfuricans [TaxId: 876]},62
0_d1wffa_ g.80.1.1 (A:) ANUBL1 (AN1, ubiquitin-like, homolog) {Mouse (Mus musculus) [TaxId: 10090]},71
0_d1yqba1 d.15.1.1 (A:15-98) Ubiquilin-3 {Human (Homo sapiens) [TaxId: 9606]},76
0_d1sc6a3 d.58.18.1 (A:327-410) Phosphoglycerate dehydrogenase, regulatory (C-terminal) domain {Escherichia coli [TaxId: 562]},76
0_d1wiha_ d.67.3.1 (A:) Ribosome recycling factor, RRF {Mouse (Mus musculus), mitochondrial [TaxId: 10090]},74
0_d3ag3g_ f.23.2.1 (G:) Mitochondrial cytochrome c oxidase subunit VIa {Cow (Bos taurus) [TaxId: 9913]},70
0_d1uvqa2 d.19.1.1 (A:2-84) Class II MHC alpha chain, N-terminal domain {Human (Homo sapiens), HLA-DQ6 [TaxId: 9606]},72
0_d2v8qb1 d.353.1.1 (B:190-272) 5'-AMP-activated protein kinase subunit beta-2 {Human (Homo sapiens) [TaxId: 9606]},45
0_d3a38a_ g.35.1.1 (A:) HIPIP (high potential iron protein) {Thermochromatium tepidum [TaxId: 1050]},65
0_d2zcwa1 a.4.5.4 (A:117-198) Transcriptional regulator TTHA1359, C-terminal domain {Thermus thermophilus [TaxId: 274]},78
0_d2o3la1 a.69.4.1 (A:14-95) Hypothetical protein BCE3448 {Bacillus cereus [TaxId: 1396]},79
0_d2rcfa1 b.40.15.1 (A:1-82) Carboxysome shell protein {Thiobacillus neapolitanus [TaxId: 927]},72
0_d1vlya1 b.44.2.1 (A:244-325) Hypothetical protein YgfZ, C-terminal domain {Escherichia coli [TaxId: 562]},66
0_d2nrha1 c.55.1.13 (A:1-82) Type III pantothenate kinase, CoaX {Campylobacter jejuni [TaxId: 197]},73
0_d1urfa_ a.2.6.1 (A:) Protein kinase c-like 1, pkn/prk1 {Human (Homo sapiens) [TaxId: 9606]},86
0_d1sfea2 c.55.7.1 (A:12-92) Ada DNA repair protein {Escherichia coli [TaxId: 562]},74
0_d2b2ya1 b.34.13.2 (A:108-187) ATP-dependent helicase CHD1 (Chromo domain protein 1) {Human (Homo sapiens) [TaxId: 9606]},77
0_d1ttna1 d.15.1.1 (A:21-100) Dendritic cell-derived ubiquitin-like protein {Human (Homo sapiens) [TaxId: 9606]},77
0_d1kqka_ d.58.17.1 (A:) Potential copper-translocating P-type ATPase CopA (YvgX) {Bacillus subtilis [TaxId: 1423]},74
0_d1b24a2 d.95.2.1 (A:100-179) DNA endonuclease I-dmoI {Desulfurococcus mobilis [TaxId: 2274]},75
0_d1x6oa2 b.40.4.5 (A:87-165) C-terminal domain of eukaryotic initiation translation factor 5a (eIF5a) {Leishmania infantum [TaxId: 5671]},61
0_d1grja2 d.26.1.2 (A:80-158) GreA transcript cleavage factor, C-terminal domain {Escherichia coli [TaxId: 562]},75
0_d1gksa_ a.3.1.1 (A:) Cytochrome c551 {Methylophilus methylotrophus, strain w3a1 [TaxId: 17]},63
0_d1pbya3 b.1.18.14 (A:274-351) Quinohemoprotein amine dehydrogenase A chain, domains 4 and 5 {Paracoccus denitrificans [TaxId: 266]},70
0_d1ygya3 d.58.18.1 (A:452-529) Phosphoglycerate dehydrogenase, regulatory (C-terminal) domain {Mycobacterium tuberculosis [TaxId: 1773]},79
0_d1wewa_ g.50.1.2 (A:) Sumoylation ligase E3, SIZ1 {Thale cress (Arabidopsis thaliana) [TaxId: 3702]},66
0_d1z0pa1 a.2.18.1 (A:1-77) Hypothetical protein SPy1572 {Streptococcus pyogenes [TaxId: 1314]},82
0_d1t8ka_ a.28.1.1 (A:) Acyl carrier protein {Escherichia coli [TaxId: 562]},81
0_d1eo0a_ a.48.3.1 (A:) Transcription elongation factor TFIIS N-domain {Baker's yeast (Saccharomyces cerevisiae) [TaxId: 4932]},83
0_d1tu7a2 c.47.1.5 (A:1-77) Class pi GST {Onchocerca volvulus [TaxId: 6282]},77
0_d1hlqa_ g.35.1.1 (A:) HIPIP (high potential iron protein) {Rhodoferax fermentans, a phototrophic bacterium [TaxId: 28066]},68
0_d2dt5a1 a.4.5.38 (A:4-77) Transcriptional repressor Rex, N-terminal domain {Thermus aquaticus [TaxId: 271]},80
0_d1el0a_ d.9.1.1 (A:) CC chemokine I-309 {Human (Homo sapiens) [TaxId: 9606]},73
0_d1in0a2 d.58.49.1 (A:90-163) Hypothetical protein HI1034 {Haemophilus influenzae [TaxId: 727]},76
0_d1fcda3 d.87.1.1 (A:328-401) Flavocytochrome c sulfide dehydrogenase, FCSD, flavin-binding subunit {Chromatium vinosum [TaxId: 1049]},53
0_d1qrva_ a.21.1.1 (A:) HMG-D {Fruit fly (Drosophila melanogaster) [TaxId: 7227]},86
0_d1bo9a_ a.65.1.1 (A:) Annexin I {Human (Homo sapiens) [TaxId: 9606]},80
0_d1vq8z1 g.41.8.1 (Z:10-82) Ribosomal protein L37ae {Haloarcula marismortui [TaxId: 2238]},70
0_d1jw2a_ a.23.5.1 (A:) Hemolysin expression modulating protein HHA {Escherichia coli [TaxId: 562]},84
0_d2dofa1 a.159.2.1 (A:888-959) Transcription elongation regulator 1 {Human (Homo sapiens) [TaxId: 9606]},82
0_d2gena1 a.4.1.9 (A:6-75) Probable transcriptional regulator PA1836 {Pseudomonas aeruginosa [TaxId: 287]},89
0_d1kw4a_ a.60.1.2 (A:) Polyhomeotic {Fruit fly (Drosophila melanogaster) [TaxId: 7227]},76
0_d1v43a2 b.40.6.3 (A:304-373) Hypothetical protein PH0022, C-terminal domain {Pyrococcus horikoshii [TaxId: 53953]},77
0_d1j9ia_ a.6.1.5 (A:) Terminase gpNU1 subunit domain {Bacteriophage lambda [TaxId: 10710]},86
0_d1mdya_ a.38.1.1 (A:) Myod B/HLH domain {Mouse (Mus musculus) [TaxId: 10090]},88
0_d1vbwa_ d.40.1.1 (A:) automated matches {Bitter gourd (Momordica charantia) [TaxId: 3673]},74
0_d2bh1x1 d.52.10.1 (X:14-81) General secretion pathway protein E, EpsE {Vibrio cholerae [TaxId: 666]},78
0_d1tbaa_ a.15.1.1 (A:) TAF(II)230 TBP-binding fragment {Fruit fly (Drosophila melanogaster) [TaxId: 7227]},67
0_d1ly2a1 g.18.1.1 (A:0-66) Complement receptor 2, cr2 {Human (Homo sapiens) [TaxId: 9606]},70
0_d2b8ta2 g.39.1.14 (A:150-216) Thymidine kinase, TK1, C-terminal domain {Ureaplasma urealyticum [TaxId: 2130]},54
0_d1mnta_ a.43.1.1 (A:) Mnt repressor {Salmonella bacteriophage P22 [TaxId: 10754]},88
0_d1szpa1 a.60.4.1 (A:81-144) DNA repair protein Rad51, N-terminal domain {Baker's yeast (Saccharomyces cerevisiae) [TaxId: 4932]},76
0_d2cc6a_ d.230.2.1 (A:) automated matches {Halobacterium salinarum [TaxId: 478009]},76
0_d2fk4a1 g.90.1.1 (A:4-67) E6 oncoprotein {Human papillomavirus type 16 [TaxId: 333760]},69
0_d2a1ja1 a.60.2.5 (A:837-898) DNA repair endonuclease XPF {Human (Homo sapiens) [TaxId: 9606]},78
0_d1ow5a_ a.60.1.2 (A:) Serine/threonine-protein kinase ste11 {Baker's yeast (Saccharomyces cerevisiae) [TaxId: 4932]},81
0_d1eeja2 d.17.3.1 (A:1-60) Disulfide bond isomerase, DsbC, N-terminal domain {Escherichia coli [TaxId: 562]},75
0_d1z60a1 g.49.1.2 (A:328-386) TFIIH p44 subunit cysteine-rich domain {Human (Homo sapiens) [TaxId: 9606]},60
0_d2e9xd2 d.344.1.3 (D:166-223) GINS complex subunit 4, SLD5 {Human (Homo sapiens) [TaxId: 9606]},71
0_d3cx5e2 f.23.12.1 (E:31-86) Iron-sulfur subunit (ISP) of cytochrome bc1 complex (Ubiquinol-cytochrome c reductase), transmembrane region {Baker's yeast (Saccharomyces cerevisiae) [TaxId: 4932]},90
0_d1fs1b1 a.157.1.1 (B:86-140) Cyclin A/CDK2-associated p45, Skp1 {Human (Homo sapiens) [TaxId: 9606]},82
0_d1v43a1 b.40.6.3 (A:246-299) Hypothetical protein PH0022, C-terminal domain {Pyrococcus horikoshii [TaxId: 53953]},79
0_d1e3ha4 d.52.3.1 (A:579-632) Polynucleotide phosphorylase/guanosine pentaphosphate synthase (PNPase/GPSI), domain 6 {Streptomyces antibioticus [TaxId: 1890]},76
0_d2heyr3 g.24.1.1 (R:29-82) Tumor necrosis factor receptor superfamily member 4, OX40L receptor {Human (Homo sapiens) [TaxId: 9606]},65
0_d1c0ma1 b.34.7.1 (A:217-269) DNA-binding domain of retroviral integrase {Rous sarcoma virus RSV [TaxId: 11886]},80
0_d2fyuk_ f.23.15.1 (K:) automated matches {Cow (Bos taurus) [TaxId: 9913]},71
0_d2bz6l_ g.3.11.1 (L:) automated matches {Human (Homo sapiens) [TaxId: 9606]},68
0_d1xrda1 f.3.1.1 (A:1-52) Light-harvesting complex subunits {Rhodospirillum rubrum [TaxId: 1085]},90
0_d2ba0a2 b.84.4.2 (A:2-52) Exosome complex RNA-binding protein 1, ECR1 {Archaeoglobus fulgidus [TaxId: 2234]},70
0_d1ss3a_ g.2.3.1 (A:) Pollen allergen ole e 6 {Common olive (Olea europaea) [TaxId: 4146]},89
0_d1k6ya1 a.4.10.1 (A:1-46) N-terminal Zn binding domain of HIV integrase {Human immunodeficiency virus type 1 [TaxId: 11676]},84
0_d1ed7a_ b.72.2.1 (A:) Chitin-binding domain of chitinase A1 {Bacillus circulans [TaxId: 1397]},72
0_d1q90a3 f.23.23.1 (A:248-292) Cytochrome f subunit of the cytochrome b6f complex, transmembrane anchor {Green alga (Chlamydomonas reinhardtii) [TaxId: 3055]},88
0_d1szba2 g.3.11.1 (A:124-168) Mannose-binding protein associated serine protease 2, MASP2 {Human (Homo sapiens) [TaxId: 9606]},72
0_d2jdih1 a.2.10.1 (H:102-145) Epsilon subunit of F1F0-ATP synthase C-terminal domain {Cow (Bos taurus) [TaxId: 9913]},89
0_d1exta2 g.24.1.1 (A:72-115) Tumor necrosis factor (TNF) receptor {Human (Homo sapiens) [TaxId: 9606]},48
0_d1o9aa1 g.27.1.1 (A:17-60) Fibronectin {Human (Homo sapiens) [TaxId: 9606]},73
0_d1dx5i1 g.3.11.1 (I:345-387) Thrombomodulin, different EGF-like domains {Human (Homo sapiens) [TaxId: 9606]},70
0_d1m56d_ f.23.8.1 (D:) Bacterial aa3 type cytochrome c oxidase subunit IV {Rhodobacter sphaeroides [TaxId: 1063]},89
0_d1b8wa_ g.9.1.1 (A:) Defensin-like peptide, DLP {Duckbilled platypus (Ornithorhynchus anatinus), DLP-1 [TaxId: 9258]},64
0_d1zuea1 g.9.1.1 (A:1-42) Defensin-like peptide, DLP {Duckbilled platypus (Ornithorhynchus anatinus), DLP-2 [TaxId: 9258]},70
0_d1wjpa1 g.37.1.1 (A:1-42) Zinc finger protein 295, ZNF295 {Human (Homo sapiens) [TaxId: 9606]},72
0_d1gl4a2 g.3.11.5 (A:359-398) EGF-like domain of nidogen-1 {Mouse (Mus musculus) [TaxId: 10090]},77
0_d1a6bb_ g.40.1.1 (B:) Zinc finger protein ncp10 {Moloney murine leukemia virus, MoMLV [TaxId: 11801]},68
0_d1jb0i_ f.23.17.1 (I:) Subunit VIII of photosystem I reaction centre, PsaI {Synechococcus elongatus [TaxId: 32046]},83
0_d1bnba_ g.9.1.1 (A:) Beta-defensin, BD {Cow (Bos taurus), BD12 [TaxId: 9913]},69
0_d1zlhb1 g.9.1.3 (B:1-37) Carboxypeptidase inhibitor {Tick (Rhipicephalus bursa) [TaxId: 67831]},65
0_d1kcfa1 a.140.2.1 (A:3-38) Mitochondrial resolvase ydc2 N-terminal domain {Fission yeast (Schizosaccharomyces pombe) [TaxId: 4896]},81
0_d1sisa_ g.3.7.2 (A:) Toxin I5a {Scorpion (Buthus eupeus) [TaxId: 34648]},60
0_d1ewsa_ g.9.1.1 (A:) Alpha-defensin rk-1 {Rabbit (Oryctolagus cuniculus) [TaxId: 9986]},70
0_d1jb0m_ f.23.19.1 (M:) Subunit XII of photosystem I reaction centre, PsaM {Synechococcus elongatus [TaxId: 32046]},92
0_d1pnha_ g.3.7.2 (A:) Toxin analog {Scorpion (Androctonus mauretanicus mauretanicus) [TaxId: 6860]},75
0_d1k18a_ g.67.1.1 (A:) Zinc finger domain of DNA polymerase-alpha {Human (Homo sapiens) [TaxId: 9606]},75
0_d2adra1 g.37.1.1 (A:102-130) ADR1 {Synthetic, based on Saccharomyces cerevisiae sequence},84
0_d2j7ja3 g.37.1.1 (A:58-85) Transcription factor IIIA, TFIIIA {African clawed frog (Xenopus laevis) [TaxId: 8355]},74
0_d1sg1x4 g.24.1.1 (X:138-161) Low affinity neurotrophin receptor p75NTR {Norway rat (Rattus norvegicus) [TaxId: 10116]},69